{
  "rows_total": 410777,
  "rows_train": 328623,
  "rows_valid": 82154,
  "classifier_threshold": 0.7,
  "classifier_positive_label": "abs_corr_target >= 0.6",
  "regression_rmse": 0.08361701828189645,
  "classification_precision": 0.9432484665154188,
  "classification_recall": 0.8830572206227089,
  "classification_roc_auc": 0.9326110535406582,
  "feature_count": 20
}