{
  "basket_size": 50,
  "paths": 20000,
  "horizon_days": 7,
  "sigma_daily_assumption": 0.04,
  "VaR_95": 0.02430657748883393,
  "VaR_99": 0.03396261664229757,
  "CVaR_95": 0.0303083680621449,
  "CVaR_99": 0.039027140655037755,
  "mean_return": 0.00013790241031382967,
  "std_return": 0.014880863603208417
}